1/2017 ;»»CLEITON MARCIO FOSSÁ; 09/05/2017; -; RetiradaDispõe; sobre a divulgação das listagens de pacientes que aguardam por consultas com médicos especialistas, exames ecirurgias na rede pública do Município de Chapecó-SC, e dá; outras; providências.Ementa:2/2017; 6.
980/2017 ;»»JOÃO MARIA MARQUES ROSA; 01/03/2017; -; Projeto; Sancionado/PromulgadoEmenta: Denomina Via Pública no Município; de; Chapecó.3/2017; 7.
004/2017 ;»»DIEGO FERNANDO ALVES; 04/04/2017; -; Projeto; PromulgadoEmenta: Torna obrigatória a presença de Guarda Municipal nas praças e parques, no período das 18:00h; até; as; 22:00h.
4/2017 ;»»DIEGO FERNANDO ALVES; 08/05/2017; -; RetiradaEmenta:; Institui o dia Municipal dos Garagistas a ser comemorado anualmente no dia 07 de Abril e; dá; outras; providências5/2017 ;»»CLEITON MARCIO FOSSÁ; 20/09/2017; -; RejeitadoDispõe; sobre a alteração do artigo 7º, da Lei 5737, de 11 de dezembro de 2009, que dispõe sobre a utilização de benspúblicos de uso comum do povo para estacionamento rotativo, na cidade de Chapecó, e dá; outras; providências.Ementa:17/2017; 6.
989/2017 ;»»DIEGO FERNANDO ALVES; 24/03/2017; -; Projeto; Sancionado/PromulgadoEmenta: Denomina o elevado localizado na Avenida Senador Atílio Fontana, nesta Cidade; de; Chapecó.18/2017; 6.
979/2017 ;»»ITAMAR ANTONIO AGNOLETTO; 01/03/2017; -; Projeto; Sancionado/PromulgadoEmenta: Denomina Via Pública no; Município; de; Chapecó.
20/2017 ;»»JOÃO MARIA MARQUES ROSA; 24/02/2017; -; RetiradaEmenta:; Denomina Via Pública no Município; de; Chapecó.21/2017; 6.
987/2017 ;»»IVALDO PIZZINATTO; 10/03/2017; -; Projeto; Sancionado/PromulgadoEmenta: Denomina Via Pública no; Município; de; Chapecó.
22/2017 ;»»CLEITON MARCIO FOSSÁ; 12/04/2017; -; Arquivamento; FinalDispõe sobre obrigatoriedade da divulgação integral da planilha de custo dos serviços públicos municipais de Chapecóprestados por concessionárias, permissionárias,; autorizatárias; e; contratadas.
Ementa:23/2017 ;»»CLEITON MARCIO FOSSÁ; 20/09/2017; -; RetiradaProíbe; que parentes de Agentes Políticos do Poder Executivo Municipal sejam nomeados em cargo de comissão ou deconfiança no Poder Legislativo de Chapecó, e proíbe que parentes de Vereadores do Município de Chapecó sejamnomeados em cargo de comissão ou de confiança no Poder; Executivo; Municipal.Ementa:24/2017; 6.
986/2017 ;»»JATIR JOSE BALBINOT; 10/03/2017; -; Projeto; Sancionado/PromulgadoEmenta: Denomina Via Pública no; Município; de; Chapecó.
25/2017 ;»»JATIR JOSE BALBINOT; 20/04/2017; -; Arquivamento; FinalEmenta: Dispõe sobre a criação do Código de Ética no Município; de; Chapecó.32/2017; 7.
009/2017 ;»»MARCILEI ANDREA P. VIGNATTI; 01/06/2017; -; Projeto; PromulgadoDispõe de ações socioeducativas do Legislativo Municipal na rede pública de ensino das escolas municipais, visando aprevenção de violência; contra; mulheres.Ementa:33/2017; 7.
060/2017 ;»»MARCILEI ANDREA P. VIGNATTI; 16/11/2017; -; Projeto; Sancionado/PromulgadoCria o Programa Parada Segura que estabelece norma para o desembarque de pessoas de sexo feminino, em períodonoturno, no transporte coletivo urbano, em áreas com real risco a integridade física da mulher, no Município de Chapecó; edá; outras; providências.
Ementa:34/2017 ;»»MARCILEI ANDREA P. VIGNATTI; 27/04/2017; -; Arquivamento; FinalEmenta: Reserva vagas em creches para crianças em idade compatível, filhas (os) de mulheres vítimas de; violência; doméstica.37/2017; 6.
988/2017 ;»»CLAIMAR CESAR DE CONTO; 24/03/2017; -; Projeto; Sancionado/Promulgado14/01/2020 as 15:29:39 Página 1/21Câmara Municipal de ChapecóProjeto por Origem (entre 01/01/2017 e 31/12/2019)Espécie:Número Nº Lei Origem SituaçãoProjeto de Lei Ordinária (L)Ementa: Institui o dia Municipal do Motorista de Ambulância a ser comemorado anualmente no dia 10; de; Outubro.44/2017; 6.
994/2017 ;»»ARESTIDE FIDELIS; 12/04/2017; -; Projeto; Sancionado/PromulgadoEmenta: Institui o dia Municipal dos Guerreiros da Chape a ser celebrado anualmente no dia 29; de; Novembro45/2017; 6.
993/2017 ;»»VALMOR JÚNIOR SCOLARI; 05/04/2017; -; Projeto; Sancionado/PromulgadoEmenta: Denomina Via Pública no Município; de; Chapecó.46/2017; 6.
992/2017 ;»»VALMOR JÚNIOR SCOLARI; 05/04/2017; -; Projeto; Sancionado/PromulgadoEmenta: Denomina Via Pública no Município; de; Chapecó.47/2017; 7.
016/2017 ;»»CLEBER CECCON; 03/07/2017; -; Projeto; PromulgadoDispõe sobre obrigatoriedade na divulgação integral de lista da Chamada do Processo Seletivo e Chamada Pública nacontratação dos Professores ACTs, do; Município; de; Chapecó.
Ementa:48/2017 ;»»CLEBER CECCON; 20/04/2017; -; Arquivamento; FinalDispõe sobre a obrigatoriedade das escolas e Ceims da rede Pública Municipal de Chapecó a ter sistema de captação deÁgua de chuva para as finalidades; que; especifica.Ementa:49/2017; 6.
999/2017 ;»»JOÃO MARIA MARQUES ROSA; 12/04/2017; -; Projeto; Sancionado/PromulgadoEmenta: Denomina Via Pública no Município; de; Chapecó.50/2017; 6.
998/2017 ;»»JOÃO MARIA MARQUES ROSA; 12/04/2017; -; Projeto; Sancionado/PromulgadoEmenta: Denomina Via Pública no Município; de; Chapecó.51/2017; 6.
997/2017 ;»»JOÃO MARIA MARQUES ROSA; 12/04/2017; -; Projeto; Sancionado/PromulgadoEmenta: Denomina Via Pública no Município; de; Chapecó.52/2017; 6.
996/2017 ;»»ASTRIT MARIA SAVARIS TOZZO; 12/04/2017; -; Projeto; Sancionado/PromulgadoEmenta: Denomina Via Pública no Município; de; Chapecó.53/2017; 6.
995/2017 ;»»ASTRIT MARIA SAVARIS TOZZO; 12/04/2017; -; Projeto; Sancionado/PromulgadoEmenta: Denomina Vias Públicas no Município; de; Chapecó.54/2017; 7.
000/2017 ;»»JOÃO MARIA MARQUES ROSA; 18/04/2017; -; Projeto; Sancionado/PromulgadoEmenta: Revoga Lei nº 6.980, de 1 de março de 2017 e denomina Via Pública no Município; de; Chapecó.55/2017; 7.
001/2017 ;»»JOÃO MARIA MARQUES ROSA; 18/04/2017; -; Projeto; Sancionado/PromulgadoEmenta: Denomina Via Pública no Município; de; Chapecó.56/2017; 7.
003/2017 ;»»VALMOR JÚNIOR SCOLARI; 18/04/2017; -; Projeto; Sancionado/PromulgadoEmenta: Denomina Via Pública no Município; de; Chapecó.57/2017; 7.
006/2017 ;»»CLEBER CECCON; 09/05/2017; -; Projeto; Sancionado/PromulgadoEmenta: Declara de Utilidade Pública a Associação de Moradores Loteamento Aline; -; Bairro; Seminário.
65/2017 ;»»JATIR JOSE BALBINOT; 02/06/2017; -; Arquivamento; FinalEmenta: Estabelece participação de artistas locais em eventos realizados no Município; de; Chapecó.66/2017; 7.
069/2017 ;»»CLAIMAR CESAR DE CONTO; 04/12/2017; -; Projeto; Sancionado/PromulgadoEmenta: Dispõe sobre a padronização das cores dos prédios públicos do; Município; de; Chapecó.
67/2017 ;»»CLEBER CECCON; 20/07/2017; -; Arquivamento; FinalDispõe sobre a presença do segundo professor nas salas de aula de ensino básico regular das escolas da Rede PúblicaMunicipal de Ensino de Chapecó e; dá; outras; providênciasEmenta:69/2017 ;»»CLEBER CECCON; 17/08/2017; -; Arquivamento; FinalEmenta: Dispõe sobre a avaliação periódica das estruturas físicas das Escolas e CEIMs da Rede Pública Municipal de Ensino e dá14/01/2020 as 15:29:39 Página 2/21Câmara Municipal de ChapecóProjeto por Origem (entre 01/01/2017 e 31/12/2019)Espécie:Número Nº Lei Origem SituaçãoProjeto de Lei Ordinária; (L)outras; providências.71/2017; 7.
010/2017 ;»»ILDO ADÃO ANTONINI; 05/06/2017; -; Projeto; Sancionado/PromulgadoEmenta: Denomina via pública no; Município; de; Chapecó.
72/2017 ;»»CLEITON MARCIO FOSSÁ; 19/03/2018; -; RejeitadoDispõe; sobre a divulgação das listagens de pacientes que aguardam por consultas com médicos especialistas, exames ecirurgias na rede pública do Município de Chapecó, e; dá; outras; providências.
Ementa:73/2017 ;»»CLEBER CECCON; 19/09/2017; -; Arquivamento; FinalEmenta: Dispõe sobre a criação do projeto Comunidade Arte e Cultura no Município de Chapecó e dá; outras; providências.74/2017; 7.
015/2017 ;»»VALMOR JÚNIOR SCOLARI; 22/06/2017; -; Projeto; Sancionado/PromulgadoEmenta: Declara de Utilidade Pública o Grupo da III Idade São; Cristóvão; Unidos; Venceremos.
75/2017 ;»»MARCILEI ANDREA P. VIGNATTI; 08/02/2018; -; RetiradaInstitui; o Código Municipal de Direito e Bem Estar de animais domésticos - cães e gatos, no âmbito do Município deChapecó e; dá; outras; providências.
Ementa:76/2017 ;»»DIEGO FERNANDO ALVES; 19/09/2017; -; Arquivamento; FinalDispõe sobre a criação do programa de concessão de créditos para adquirentes de mercadorias ou bens e tomadores deserviços, nos termos que especifica, denominado; Programa; NOTA; LEGAL.
Ementa:77/2017 ;»»DIEGO FERNANDO ALVES; 28/09/2017; -; Arquivamento; FinalCria o programa de internet CHAPECÓ ON-LINE, que disponibiliza pontos gratuitos de internet Wi-Fi em locais; públicosdo; MunicípioEmenta:78/2017; 7.
055/2017 ;»»CLEBER CECCON; 06/11/2017; -; Projeto; PromulgadoDispõe sobre a obrigatoriedade na divulgação integral da lista de espera das vagas nos CEIMs da Rede Municipal deEnsino; de; Chapecó.Ementa:83/2017; 7.
032/2017 ;»»ILDO ADÃO ANTONINI; 13/09/2017; -; Projeto; Sancionado/PromulgadoDispões sobre a criação do “Dia do Luterano” no Ultimo domingo do mês de Outubro, em homenagem a Igreja Evangélicade Confissão; Luterana; no; Brasil.
Ementa:86/2017 ;»»NEURI LUIZ MANTELLI; 19/09/2017; -; Arquivamento; FinalDispõe sobre a proibição de pontos facultativos na Câmara Municipal de Chapecó e Prefeitura Municipal de Chapecó e; daoutras; providências.Ementa:87/2017; 7.
031/2017 ;»»ANTONIO CIVALDO MENDES; 13/09/2017; -; Projeto; Sancionado/PromulgadoEmenta: Denomina Centro de Educação Infantil Municipal - CEIM, no Município; de; Chapecó.88/2017; 7.
025/2017 ;»»ADÃO VALCIR TEODORO; 28/08/2017; -; Projeto; Sancionado/PromulgadoEmenta: Institui o dia Municipal do Vigilante a ser comemorado anualmente no dia; 20; de; junho.
98/2017 ;»»ANTONIO CIVALDO MENDES; 10/08/2017; -; RetiradaEmenta:; Dispõe sobre a instituição da Política Pública de Educação Integral no Sistema Municipal de; Ensino; de; Chapecó.
100/2017 ;»»DERLI MAIER; 18/09/2017; -; Arquivamento; FinalDetermina que os postes que dão sustentação às redes aéreas de distribuição de energia elétrica sejam retirados da frentedas garagens e colocados nas divisas dos lotes de terreno e casas na; área; urbana.Ementa:101/2017; 7.
054/2017 ;»»DERLI MAIER; 01/11/2017; -; Projeto; PromulgadoDispõe sobre a fixação nas salas de aula do número dos telefones do Disque Denúncia para colaborar no combate aqualquer tipo de violência, abuso e assédio sexual cometido contra crianças; e; adolescentes.Ementa:102/2017; 7.
030/2017 ;»»MARCILEI ANDREA P. VIGNATTI; 11/09/2017; -; Projeto; Sancionado/PromulgadoEmenta: Declara de Utilidade Pública a Associação Protetora dos Animais - Amparo Animal Chapecó.
14/01/2020 as 15:29:39 Página 3/21Câmara Municipal de ChapecóProjeto por Origem (entre 01/01/2017 e 31/12/2019)Espécie:Número Nº Lei Origem SituaçãoProjeto de; Lei; Ordinária; (L)103/2017 ;»»ANTONIO CIVALDO MENDES; 15/09/2017; -; RetiradaEmenta:; Revoga a Lei 6577 de 12 de maio de 2014 e denomina CEIM no Município; de; Chapecó.105/2017; 7.
038/2017 ;»»VALMOR JÚNIOR SCOLARI; 14/09/2017; -; Projeto; Sancionado/PromulgadoEmenta: Dispõe sobre a dispensação de medicamentos nos Centros de Saúde da Família no Município; de; Chapecó107/2017; 7.
026/2017 ;»»VALDEMIR ANTONIO STOBE; 11/09/2017; -; Projeto; Sancionado/PromulgadoEmenta: Denomina Vias Públicas no Município; de; Chapecó.112/2017; 7.
037/2017 ;»»CLAIMAR CESAR DE CONTO; 14/09/2017; -; Projeto; Sancionado/PromulgadoEmenta: Denomina Via Pública no Município; de; Chapecó.113/2017; 7.
097/2017 ;»»MARCILEI ANDREA P. VIGNATTI; 22/11/2017; -; Projeto; Sancionado/PromulgadoEmenta: Dispõe sobre a criação da “Feira de Artesanato Permanente” a ser realizada no Calçadão; na; Benjamin; Constant.
114/2017 ;»»MARCILEI ANDREA P. VIGNATTI; 07/11/2017; -; RejeitadoEmenta:; Dispõe sobre a criação do Programa; “Destino; Legal”.118/2017; 7.
034/2017 ;»»VALDEMIR ANTONIO STOBE; 15/09/2017; -; Projeto; Sancionado/PromulgadoEmenta: Denomina Via Pública no Município; de; Chapecó.128/2017; 7.
035/2017 ;»»JOSE CELIO PORTELA; 15/09/2017; -; Projeto; Sancionado/PromulgadoEmenta: Denomina via pública no Município; de; Chapecó.129/2017; 7.
096/2017 ;»»ILDO ADÃO ANTONINI; 15/12/2017; -; Projeto; Sancionado/PromulgadoEmenta: Assegura às mães que tenham filhos matriculados nas CEIMs os amamentarem no; interior; das; unidades.
131/2017 ;»»DERLI MAIER; 10/10/2017; -; Arquivamento; FinalEmenta: Cria o Centro de Vigilância Ambiental e Bem Estar Animal no Município; de; Chapecó.132/2017; 7.
061/2017 ;»»JATIR JOSE BALBINOT; 16/11/2017; -; Projeto; Sancionado/PromulgadoDispõe sobre a proibição de incentivos fiscais a empresas que tenham envolvimento em corrupção de qualquer espécie ouato de Improbidade Administrativa que envolva Agente Público do Município; de; Chapecó.Ementa:133/2017; 7.
045/2017 ;»»VALMOR JÚNIOR SCOLARI; 10/10/2017; -; Projeto; Sancionado/PromulgadoDeclara de Utilidade Pública a Associação Centro de Atividades Leonísticas de Chapecó - CL; HILTON; ROVERÊ.Ementa:134/2017; 7.
047/2017 ;»»VALMOR JÚNIOR SCOLARIVALDEMIR ANTONIO STOB;E10/10/2017; -; Projeto; Sancionado/PromulgadoEmenta: Denomina Vias Públicas no Município; de; Chapecó.136/2017; 7.
056/2017 ;»»VALMOR JÚNIOR SCOLARIVALDEMIR ANTONIO STOB;E06/11/2017; -; Projeto; PromulgadoEmenta: Denomina Praças no Loteamento Avenida, no Município; de; Chapecó.137/2017; 7.
046/2017 ;»»DIEGO FERNANDO ALVES; 10/10/2017; -; Projeto; Sancionado/PromulgadoEmenta: Denomina Via Pública no; Município; de; Chapecó.
138/2017 ;»»CLEBER CECCON; 17/10/2017; -; RetiradaCria; o Programa Bolsa Atleta Pódio para atletas, para-atletas e atletas-guia amadores do município de Chapecó e; dá; outrasprovidências.Ementa:143/2017; 7.
050/2017 ;»»ARESTIDE FIDELIS; 27/10/2017; -; Projeto; Sancionado/PromulgadoEmenta: Denomina Via Pública no Município; de; Chapecó.144/2017; 7.
051/2017 ;»»ARESTIDE FIDELIS; 27/10/2017; -; Projeto; Sancionado/Promulgado14/01/2020 as 15:29:39 Página 4/21Câmara Municipal de ChapecóProjeto por Origem (entre 01/01/2017 e 31/12/2019)Espécie:Número Nº Lei Origem SituaçãoProjeto de Lei Ordinária (L)Ementa: Denomina via pública no Município; de; Chapecó.146/2017; 7.
057/2017 ;»»VALMOR JÚNIOR SCOLARI; 08/11/2017; -; Projeto; Sancionado/PromulgadoEmenta: Denomina via pública no; Município; de; Chapecó.
152/2017 ;»»CLEBER CECCON; 30/11/2017; -; Arquivamento; FinalDispõe sobre a obrigatoriedade de inclusão de alimentos orgânicos na alimentação escolar no âmbito da Rede Municipalde Ensino do; Município; de; Chapecó.
Ementa:153/2017 ;»»CLEBER CECCON; 02/02/2018; -; Arquivamento; FinalDispõe sobre a concessão da meia entrada em eventos culturais, esportivos e de lazer aos profissionais do ensino; doMunicípio; de; Chapecó.
Ementa:160/2017 ;»»JATIR JOSE BALBINOT; 30/11/2017; -; Arquivamento; FinalDispõe sobre as normas para adoção de material escolar didático-escolar pelos estabelecimentos de educação básica emédia da rede particular do Município de Chapecó, na; forma; que; indica.
Ementa:161/2017 ;»»CLAIMAR CESAR DE CONTO; 02/02/2018; -; Arquivamento; FinalEmenta: Proíbe a venda de rifas e afins, por crianças e adolescentes, no âmbito do Município de Chapecó e dá; outras; providências.162/2017; 7.
064/2017 ;»»VALMOR JÚNIOR SCOLARI; 27/11/2017; -; Projeto; Sancionado/PromulgadoEmenta: Declara de Utilidade Pública o Conselho da Comunidade da Comarca; de; Chapecó.163/2017; 7.
065/2017 ;»»VALMOR JÚNIOR SCOLARI; 27/11/2017; -; Projeto; Sancionado/PromulgadoEmenta: Declara de Utilidade Pública o Rotary Club Chapecó; Sul; -; Centenário.
164/2017 ;»»JOÃO LUIS SIQUEIRA; 25/01/2018; -; Arquivamento; FinalEmenta: Dispõe sobre a criação do Programa Empresa na Escola no; Município; de; Chapecó.
165/2017 ;»»CLAIMAR CESAR DE CONTO; 25/01/2018; -; Arquivamento; FinalEmenta: Dispõe sobre o atendimento preferencial às pessoas ostomizadas e; dá; outras; providências.
171/2017 ;»»ANTONIO CIVALDO MENDES; 22/11/2017; -; RetiradaDispõe; sobre a instituição da Semana Municipal de Prevenção ao uso e abuso do álcool e outras drogas - Semad e; dáoutras; providências.Ementa:172/2017; 7.
080/2017 ;»»MARCILEI ANDREA P. VIGNATTI; 05/12/2017; -; Projeto; Sancionado/PromulgadoEmenta: Institui o Dia Municipal de luta pelo fim da violência; contra; a; mulher.
174/2017 ;»»JATIR JOSE BALBINOT; 02/02/2018; -; Arquivamento; FinalAutoriza o Executivo Municipal a instituir e regulamentar a concessão de auxílio, para fins de tratamento fora dodomicílio e dá; outras; providências.Ementa:175/2017; 7.
078/2017 ;»»VALDEMIR ANTONIO STOBE; 05/12/2017; -; Projeto; Sancionado/PromulgadoEmenta: Denomina Via Pública no Município; de; Chapecó.176/2017; 7.
079/2017 ;»»ORIDES ANTUNES; 05/12/2017; -; Projeto; Sancionado/PromulgadoEmenta: Denomina Estrada Municipal de Chapecó –; EMC; 119.177/2017; 7.
073/2017 ;»»VALMOR JÚNIOR SCOLARI; 05/12/2017; -; Projeto; Sancionado/PromulgadoEmenta: Declara de utilidade pública a Associação Cultural Parque; Farroupilha; de; Chapecó.
178/2017 ;»»CLEITON MARCIO FOSSÁ; 02/02/2018; -; Arquivamento; FinalEmenta: Dispõe sobre a matrícula eletrônica na rede municipal de ensino de Chapecó e dá; outras; providências.179/2017; 7.
070/2017 ;»»VALMOR JÚNIOR SCOLARI; 05/12/2017; -; Projeto; Sancionado/PromulgadoEmenta: Declara de utilidade pública a Associação de Triathlon do; Velho; Oeste.180/2017; 7.
071/2017 ;»»ANTONIO CIVALDO MENDES; 05/12/2017; -; Projeto; Sancionado/Promulgado14/01/2020 as 15:29:39 Página 5/21Câmara Municipal de ChapecóProjeto por Origem (entre 01/01/2017 e 31/12/2019)Espécie:Número Nº Lei Origem SituaçãoProjeto de Lei Ordinária (L)Ementa: Denomina Via Pública no Município; de; Chapecó.181/2017; 7.
072/2017 ;»»ANTONIO CIVALDO MENDES; 05/12/2017; -; Projeto; Sancionado/PromulgadoEmenta: Denomina Via Pública no Município; de; Chapecó.182/2017; 7.
074/2017 ;»»VALDEMIR ANTONIO STOBE; 05/12/2017; -; Projeto; Sancionado/PromulgadoEmenta: Denomina Via Pública no; Município; de; Chapecó.
183/2017 ;»»JATIR JOSE BALBINOT; 04/12/2017; -; RetiradaEstabelece; a obrigatoriedade das agências bancárias de possuírem sanitários e bebedouros em suas dependências para usodos clientes e da; outras; providências.Ementa:184/2017; 7.
137/2018 ;»»JOÃO LUIS SIQUEIRA; 02/05/2018; -; Projeto; PromulgadoEmenta: Cria no Município de Chapecó, o Selo de Empresa; Amiga; do; Aprendiz.
185/2017 ;»»CLAIMAR CESAR DE CONTO; 18/12/2017; -; RetiradaEmenta:; Estabelece diretrizes aos Centros Educacionais Infantis para permitir o; aleitamento; materno.186/2017; 7.
087/2017 ;»»JOÃO MARIA MARQUES ROSA; 15/12/2017; -; Projeto; Sancionado/PromulgadoEmenta: Denomina Via Pública no; Município; de; Chapecó.
191/2017 ;»»CLEITON MARCIO FOSSÁ; 21/05/2018; -; RetiradaEmenta:; Altera os artigos 1º e 2º da Lei nº 7047, de 10 de outubro; de; 2017.202/2017; 7.
095/2017 ;»»ANTONIO CIVALDO MENDES; 18/12/2017; -; Projeto; Sancionado/PromulgadoEmenta: Denomina Via Pública no Município; de; Chapecó.1/2018; 7.
101/2018 ;»»VALDEMIR ANTONIO STOBE; 21/02/2018; -; Projeto; Sancionado/PromulgadoEmenta: Denomina Via Pública no Município; de; Chapecó.2/2018; 7.
106/2018 ;»»MARCILEI ANDREA P. VIGNATTI; 22/02/2018; -; Projeto; Sancionado/PromulgadoEmenta: Altera a Lei nº 7080, de 08 de dezembro; de; 2017.3/2018; 7.
104/2018 ;»»ANTONIO CIVALDO MENDES; 21/02/2018; -; Projeto; Sancionado/PromulgadoEmenta: Denomina Via Pública no Município; de; Chapecó.4/2018; 7.
112/2018 ;»»ADÃO VALCIR TEODORO; 27/02/2018; -; Projeto; Sancionado/PromulgadoEmenta: Altera o inciso VI, do Art. 1º da Lei nº 4.320, de 28 de setembro; de; 2001.16/2018; 7.
103/2018 ;»»ORIDES ANTUNES; 21/02/2018; -; Projeto; Sancionado/PromulgadoEmenta: Declara de utilidade pública a Associação Comunitária dos Idosos; do; Bairro; Paraíso.
17/2018 ;»»JOSE CELIO PORTELA; 27/02/2018; -; RetiradaDispõe; sobre a obrigatoriedade de sinalização através de mapas municipais e de linhas do transporte público municipal nasparadas de ônibus; e; no; veículo.
Ementa:18/2018 ;»»NEURI LUIZ MANTELLI; 19/02/2018; -; RetiradaAutoriza; o Poder Executivo a conceder beneficio tributário na forma de desconto no Imposto Predial e Territorial Urbano- IPTU ao proprietário ou responsável legal de imóvel que adotar medida de preservação e conservação do meio ambientecomo aproveitamento de água da chuva, uso de energia solar; e; outros.Ementa:19/2018; 7.
107/2018 ;»»ITAMAR ANTONIO AGNOLETTO; 22/02/2018; -; Projeto; Sancionado/PromulgadoEmenta: Autoriza Contribuição Financeira e; dá; outras; providências.
20/2018 ;»»MARCILEI ANDREA P. VIGNATTI; 03/09/2018; -; RejeitadoInstitui; o Código Municipal de Direito e Bem Estar de Animais Domésticos - Cães e Gatos, no âmbito do Município deChapecó e; dá; outras; providências.
Ementa:30/2018 ;»»CLEBER CECCON; 27/03/2018; -; Arquivamento; Final14/01/2020 as 15:29:39 Página 6/21Câmara Municipal de ChapecóProjeto por Origem (entre 01/01/2017 e 31/12/2019)Espécie:Número Nº Lei Origem SituaçãoProjeto de Lei Ordinária (L)Dispõe sobre a implantação de dispositivo chamado de “Boca De Lobo Inteligente” nos logradouros do Município deChapecó e dá; outras; providências.Ementa:31/2018; 7.
136/2018 ;»»CLEBER CECCON; 06/04/2018; -; Projeto; Sancionado/PromulgadoTorna pública a Lista de Medicamentos disponíveis nas farmácias da Rede Municipal de Saúde no Município de Chapecódá; outras; providências.Ementa:32/2018; 7.
110/2018 ;»»VALDEMIR ANTONIO STOBE; 26/02/2018; -; Projeto; Sancionado/PromulgadoEmenta: Denomina Via Pública no Município; de; Chapecó.33/2018; 7.
164/2018 ;»»CLAIMAR CESAR DE CONTO; 03/07/2018; -; Projeto; PromulgadoEmenta: Estabelece diretrizes aos Centros Educacionais Infantis Municipais para permitir o; aleitamento; materno.36/2018; 7.
118/2018 ;»»CLAIMAR CESAR DE CONTO; 09/03/2018; -; Projeto; Sancionado/PromulgadoEmenta: Institui o Dia Municipal dos Ostomizados, a ser comemorado anualmente no dia; 16; de; novembro.
37/2018 ;»»CLAIMAR CESAR DE CONTO; 23/02/2018; -; RetiradaEmenta:; Institui o Dia da Guarda Municipal, a ser comemorado anualmente no dia 02; de; março.38/2018; 7.
113/2018 ;»»DELVINO DALL ROSA; 07/03/2018; -; Projeto; Sancionado/PromulgadoEmenta: Denomina Via Pública no; Município; de; Chapecó.
42/2018 ;»»DIEGO FERNANDO ALVES; 05/04/2019; -; RetiradaEmenta:; Cria o Programa FARMÁCIA SOLIDÁRIA, no Município de Chapecó e da; outras; providências43/2018; 7.
130/2018 ;»»ALZUMIR ROSSARI; 03/04/2018; -; Projeto; Sancionado/PromulgadoDispõe sobre a instituição, no calendário municipal de Chapecó, do Dia do Advogado, a ser celebrado sempre no dia 11do; mês; de; agosto.
Ementa:45/2018 ;»»ALZUMIR ROSSARI; 21/05/2018; -; RetiradaEmenta:; Dispõe sobre a matrícula eletrônica na rede municipal de ensino de Chapecó e; dá; outras; providências.
46/2018 ;»»ALZUMIR ROSSARI; 21/05/2018; -; RetiradaDispõe; do atendimento a crianças com necessidades especiais nos estabelecimentos públicos de ensino pré-escolar,; e; dáoutras; providências.
Ementa:47/2018 ;»»ALZUMIR ROSSARI; 21/05/2018; -; RetiradaDispõe; sobre número máximo de alunos por turma de pré-escolas na rede de ensino público municipal,; e; dá; outrasprovidências.
Ementa:49/2018 ;»»ALZUMIR ROSSARI; 11/04/2018; -; RejeitadoDispõe; sobre o incentivo à prática de esportes em academias e clubes desportivos para alunos da rede pública de ensino –ESPORTE LEGAL, através de isenção tributária parcial de ISS no âmbito do Município de Chapecó,; e; dá; outrasprovidências.
Ementa:50/2018 ;»»ALZUMIR ROSSARI; 12/04/2018; -; RejeitadoEmenta:; Concede isenção do Imposto de Renda sobre a remuneração de professores Municipais e; dá; outras; providências.
51/2018 ;»»ALZUMIR ROSSARI; 11/04/2018; -; RejeitadoEmenta:; Determina a conversão de “milhagem” das passagens aéreas adquiridas com recursos públicos aos; fins; que; especifica.
52/2018 ;»»ALZUMIR ROSSARI; 11/04/2018; -; RejeitadoDispõe; sobre a obrigatoriedade de as empresas de telefonia procederem à notificação autônoma escrita e verbal acerca dainexistência de cobertura de serviços de telefonia quando assim constar no respectivo mapa de cobertura e coincidir com oendereço; do; consumidor; adquirente.
Ementa:53/2018 ;»»ALZUMIR ROSSARI; 12/04/2018; -; Arquivamento; FinalEmenta: Dispõe sobre a destinação dos recursos recebidos pelo Município, decorrentes dos Royalties e Participação Especial de14/01/2020 as 15:29:39 Página 7/21Câmara Municipal de ChapecóProjeto por Origem (entre 01/01/2017 e 31/12/2019)Espécie:Número Nº Lei Origem SituaçãoProjeto de Lei Ordinária (L)Petróleo em MAR, previstos na; Lei; Federal; 9.478/97.
54/2018 ;»»ALZUMIR ROSSARI; 10/05/2018; -; RetiradaDetermina; a publicação de informações sobre locação de imóveis pelo município, no site da; Prefeitura; Municipal; deChapecó..
Ementa:55/2018 ;»»ALZUMIR ROSSARI; 11/04/2018; -; RejeitadoLimita; os gastos com publicidade oficial (art. 37, §1.º da Constituição Federal de 1988) no âmbito do Município deChapecó e; dá; outras; providências.
Ementa:56/2018 ;»»ALZUMIR ROSSARI; 10/05/2018; -; RetiradaDispõe; sobre a obrigatoriedade da divulgação, na página da Prefeitura Municipal de Chapecó na Internet, da relação doscargos em comissão e dos cargos; em; conselhos; municipais.
Ementa:57/2018 ;»»ALZUMIR ROSSARI; 07/03/2018; -; RetiradaDisciplina; diretrizes para a distribuição de serviços do parque de máquinas da Secretaria da Agricultura e altera a LeiOrdinária nº 7011, de 08 de; junho; de; 2017.
Ementa:58/2018 ;»»ALZUMIR ROSSARI; 11/04/2018; -; RejeitadoInstitui; o programa municipal de incentivo ao desenvolvimento rural, autoriza o município a realizar serviços particularespara a melhoria das propriedades rurais e; dá; outras; providências.
Ementa:59/2018 ;»»ALZUMIR ROSSARI; 10/05/2018; -; RetiradaDispõe; sobre a obrigatoriedade da divulgação, na página da Prefeitura Municipal de Chapecó na Internet, da relação detodas as ordens de serviço emitidas pelo Município de Chapecó, e; dá; outras; providências.
Ementa:60/2018 ;»»ALZUMIR ROSSARI; 11/04/2018; -; RejeitadoDispõe; sobre o embarque e desembarque de pessoas nos ônibus de transporte público coletivo urbano de Chapecó,; e; dáoutras; providências.
Ementa:61/2018 ;»»ALZUMIR ROSSARI; 12/04/2018; -; Arquivamento; FinalCria o Fundo Municipal da Mobilidade Urbana e da Modicidade da Tarifa de Transporte Público Coletivo Municipal,; e; dáoutras; providências.
Ementa:62/2018 ;»»ALZUMIR ROSSARI; 21/05/2018; -; Projeto; VetadoDetermina a contratação de vigilância armada para atuar no período de oferecimento de serviços bancários, inclusive finaisde semana e feriados, pelas instituições bancárias públicas ou privadas e cooperativas de crédito localizadas no Municípiode Chapecó-SC e; dá; outras; providências.
Ementa:63/2018 ;»»ALZUMIR ROSSARI; 12/04/2018; -; RejeitadoDetermina; a retenção de verbas de publicidade institucional, pelo Poder Público Municipal, para cumprimento de decisõesjudiciais na; área; de; saúde.
Ementa:64/2018 ;»»ALZUMIR ROSSARI; 12/04/2018; -; RejeitadoEmenta:; Proíbe a inauguração de obras públicas incompletas ou que não atendam ao fim a que se; destinam; no; município.
65/2018 ;»»ALZUMIR ROSSARI; 12/04/2018; -; RejeitadoCria; o inciso VIII ao artigo 6º da Lei 5.737/2009, dispondo sobre a gratuidade de vagas de; estacionamento; rotativo; aidosos.
Ementa:66/2018 ;»»ALZUMIR ROSSARI; 12/04/2018; -; RejeitadoDispõe; sobre a alteração do artigo 7º, da Lei 5737, de 11 de dezembro de 2009, que dispõe sobre a utilização de benspúblicos de uso comum do povo para estacionamento rotativo, na cidade de Chapecó, e; dá; outras; providências.
Ementa:67/2018 ;»»ALZUMIR ROSSARI; 12/04/2018; -; RejeitadoEmenta:; Dispõe sobre o direito de acesso dos vereadores às; repartições; públicas; municipais.
68/2018 ;»»ALZUMIR ROSSARI; 12/04/2018; -; RejeitadoEmenta:; Dispõe sobre reserva de recursos públicos, destinados à habitação, em benefício de mulher chefe de família.14/01/2020 as 15:29:39 Página 8/21Câmara Municipal de ChapecóProjeto por Origem (entre 01/01/2017 e 31/12/2019)Espécie:Número Nº Lei Origem SituaçãoProjeto de Lei; Ordinária; (L)69/2018; 7.
161/2018 ;»»ALZUMIR ROSSARI; 18/06/2018; -; Projeto; PromulgadoEmenta: Altera a ementa e demais dispositivos da Lei n° 3975 de 22 de abril de 1999, e; dá; outras; providências.
70/2018 ;»»ALZUMIR ROSSARI; 12/04/2018; -; RejeitadoDispõe; sobre obrigatoriedade da divulgação integral da planilha de custo dos serviços públicos municipais de Chapecóprestados por concessionárias, permissionárias,; autorizatárias; e; contratadas.
Ementa:71/2018 ;»»ALZUMIR ROSSARI; 22/06/2018; -; RejeitadoDispõe; sobre a divulgação da lista de espera dos munícipes cadastrados para o acesso aos; programas; habitacionais; doMunicípio.
Ementa:72/2018 ;»»ALZUMIR ROSSARI; 12/04/2018; -; RejeitadoDispõe; sobre a disponibilização de certidão ao usuário do Sistema Municipal de Saúde de Chapecó-SC que comproveagendamentos de consultas, cirurgias e exames em geral, e dá; outras; providências.Ementa:73/2018; 7.
121/2018 ;»»ANTONIO CIVALDO MENDES; 22/03/2018; -; Projeto; Sancionado/PromulgadoEmenta: Denomina Via Pública no; Município; de; Chapecó.
74/2018 ;»»CLEBER CECCON; 13/04/2018; -; Arquivamento; FinalDispõe sobre a obrigatoriedade de todas as Unidades de Ensino, públicas e privadas, no âmbito do Município deChapecó/SC, disponibilizar e treinar em seu quadro de funcionários, ao menos (1) um profissional com o curso deprimeiros socorros, para atendimento emergencial a vítimas e dá; outras; providências.Ementa:79/2018; 7.
122/2018 ;»»ANTONIO CIVALDO MENDES; 26/03/2018; -; Projeto; Sancionado/PromulgadoEmenta: Denomina Via Pública no; Município; de; Chapecó.
84/2018 ;»»ALZUMIR ROSSARI; 04/06/2018; -; RejeitadoAssegura; aos professores e aos demais servidores das escolas públicas municipais o direito à alimentação pelo; programade; merenda; escolar.
Ementa:92/2018 ;»»JATIR JOSE BALBINOT; 03/04/2018; -; RetiradaDispõe; sobre o pagamento de taxa de estacionamento cobrada em Shopping Centers do Município de Chapecó,; na; formaque; indica.
Ementa:93/2018 ;»»JATIR JOSE BALBINOT; 23/11/2018; -; RetiradaEstabelece; a obrigatoriedade das agências bancárias e casas lotéricas possuírem sanitários e bebedouros em suasdependências para uso dos clientes e; dá; outras; providências.
Ementa:94/2018 ;»»JATIR JOSE BALBINOT; 13/11/2018; -; Arquivamento; FinalEstabelece ao aluno portador de deficiência locomotora, matrícula na escola municipal mais próxima de sua residência; eda; outras; providências.
Ementa:98/2018 ;»»ALZUMIR ROSSARI; 21/05/2018; -; Arquivamento; FinalEmenta: Dispõe da criação da Feira Municipal do; Livro; em; Chapecó.
99/2018 ;»»ALZUMIR ROSSARI; 08/05/2018; -; RejeitadoEmenta:; Institui o Dia Municipal de Combate à Homofobia, Lesbofobia,; Bifobia; e; Transfobia.
100/2018 ;»»ALZUMIR ROSSARI; 21/05/2018; -; Arquivamento; FinalEmenta: Institui o Programa Municipal; de; Agricultura; Urbana.
101/2018 ;»»ALZUMIR ROSSARI; 21/05/2018; -; Arquivamento; FinalEmenta: Determina o pagamento de adicional de risco aos; vigias; municipais.103/2018; 7.
131/2018 ;»»JOÃO MARIA MARQUES ROSA; 09/04/2018; -; Projeto; Sancionado/PromulgadoEmenta: Denomina a Ala Leste da Arquibancada da Arena Condá, no; Município; de; Chapecó.
104/2018 ;»»JOSE CELIO PORTELA; 06/09/2018; -; Projeto; Vetado14/01/2020 as 15:29:39 Página 9/21Câmara Municipal de ChapecóProjeto por Origem (entre 01/01/2017 e 31/12/2019)Espécie:Número Nº Lei Origem SituaçãoProjeto de Lei Ordinária (L)Dispõe sobre a obrigatoriedade do uso de meios eletrônicos para a realização de processos e procedimentosadministrativos no âmbito dos órgãos e das entidades da Administração Pública no Município; de; Chapecó.Ementa:105/2018; 7.
135/2018 ;»»VALDEMIR ANTONIO STOBE; 13/04/2018; -; Projeto; Sancionado/PromulgadoEmenta: Denomina Via Pública no Município; de; Chapecó.106/2018; 7.
138/2018 ;»»ORIDES ANTUNES; 07/05/2018; -; Projeto; Sancionado/PromulgadoEmenta: Declara de utilidade pública a Associação Amigos dos Doentes; –; AADD.113/2018; 7.
141/2018 ;»»DIEGO FERNANDO ALVES; 14/05/2018; -; Projeto; Sancionado/PromulgadoEmenta: Declara de utilidade pública a Associação Torcida Barra; da; Chape.123/2018; 7.
147/2018 ;»»CLEBER CECCON; 23/05/2018; -; Projeto; Sancionado/PromulgadoEmenta: Declara de Utilidade Pública a Associação dos Moradores do Loteamento Colina Verde; de; Chapecó.124/2018; 7.
144/2018 ;»»ARESTIDE FIDELIS; 23/05/2018; -; Projeto; Sancionado/PromulgadoEmenta: Denomina via pública no Município; de; Chapecó.125/2018; 7.
145/2018 ;»»ARESTIDE FIDELIS; 23/05/2018; -; Projeto; Sancionado/PromulgadoEmenta: Denomina via pública no Município; de; Chapecó.126/2018; 7.
146/2018 ;»»JOÃO MARIA MARQUES ROSA; 23/05/2018; -; Projeto; Sancionado/PromulgadoEmenta: Denomina Via Pública no Município; de; Chapecó.129/2018; 7.
156/2018 ;»»JOSE CELIO PORTELA; 23/05/2018; -; Projeto; Sancionado/PromulgadoInclui a Semana Municipal de Valorização da Vida e Prevenção ao Suicídio no calendário oficial do; Município; deChapecó.Ementa:130/2018; 7.
157/2018 ;»»JOSE CELIO PORTELA; 23/05/2018; -; Projeto; Sancionado/PromulgadoDispõe sobre a alteração no nome da Escola Básica Municipal Linha Batistello, para Escola Básica; Municipal; EmídioBatistello.Ementa:131/2018; 7.
148/2018 ;»»JOSE CELIO PORTELA; 23/05/2018; -; Projeto; Sancionado/PromulgadoEmenta: Declara de utilidade pública o Instituto Histórico e Geográfico Oeste Catarinense; –; IHGO132/2018; 7.
150/2018 ;»»ITAMAR ANTONIO AGNOLETTO; 23/05/2018; -; Projeto; Sancionado/PromulgadoEmenta: Denomina Ginásio de Esportes do Bairro Passo dos Fortes no; Município; de; Chapecó.
138/2018 ;»»CLEITON MARCIO FOSSÁ; 14/08/2018; -; Arquivamento; FinalEmenta: Institui o Programa Espaço Infantil Noturno - atendimento à primeira infância - no âmbito do Município; de; Chapecó/SC.140/2018; 7.
159/2018 ;»»ITAMAR ANTONIO AGNOLETTO; 08/06/2018; -; Projeto; Sancionado/PromulgadoEmenta: Altera a Lei nº 3.552, de 30 de novembro; de; 1993.141/2018; 7.
160/2018 ;»»CLEBER CECCON; 08/06/2018; -; Projeto; Sancionado/PromulgadoEmenta: Declara de utilidade pública a Associação Estadual; de; Cooperação; Agrícola142/2018 ;»»ADÃO VALCIR TEODORO; 20/06/2018; -; RetiradaEmenta:; Dispõe sobre plantio de grama ornamental em terrenos baldios na área urbana do; Município; de; Chapecó.
145/2018 ;»»ELIAS FERNANDO MARTINS DOS SANTOS; 10/05/2019; -; RetiradaDispõe; sobre a instituição, no calendário municipal de Chapecó, do Dia do Som Automotivo, Carros Baixos eCustomizados, a ser celebrado sempre no dia 13 do; mês; de; maio.
Ementa:150/2018 ;»»NEURI LUIZ MANTELLI; 17/09/2018; -; Arquivamento; FinalEmenta: Dispõe sobre a proibição de “BLITZ DO IPVA” no âmbito do Município; de; Chapecó.151/2018; 7.
235/2019 ;»»ITAMAR ANTONIO AGNOLETTO; 04/04/2019; -; Projeto; Sancionado/Promulgado14/01/2020 as 15:29:39 Página 10/21Câmara Municipal de ChapecóProjeto por Origem (entre 01/01/2017 e 31/12/2019)Espécie:Número Nº Lei Origem SituaçãoProjeto de Lei Ordinária (L)Ementa: Autoriza o estacionamento gratuito de veículo de clientes em frente a farmácias do Município; de; Chapecó.159/2018; 7.
168/2018 ;»»ASTRIT MARIA SAVARIS TOZZO; 22/08/2018; -; Projeto; Sancionado/PromulgadoEmenta: Denomina Auditório da Prefeitura do Município; de; Chapecó.160/2018; 7.
167/2018 ;»»ITAMAR ANTONIO AGNOLETTO; 09/08/2018; -; Projeto; Sancionado/PromulgadoEmenta: Declara de Utilidade Pública a Associação Chapecoense; de; Skate; A.C.S.
161/2018 ;»»ARESTIDE FIDELIS; 09/08/2018; -; Projeto; VetadoEmenta: Declara de utilidade pública a Associação Chapecoense de Carros Rebaixados e Som Automotivo; -; ACARSON162/2018; 7.
170/2018 ;»»CLEBER CECCON; 05/09/2018; -; Projeto; Sancionado/PromulgadoDeclara de Utilidade Pública a Associação de Pais e Professores da Escola de Educação Básica Tancredo; de; AlmeidaNeves.Ementa:164/2018; 7.
191/2018 ;»»JOÃO LUIS SIQUEIRA; 01/10/2018; -; Projeto; PromulgadoEmenta: Dispõe sobre a implantação do Programa “Adote uma Praça” no Município de Chapecó e; dá; outras; providências.
169/2018 ;»»EDERSON ROGERIO ANTONINI; 10/08/2018; -; RetiradaDispõe; sobre a instituição da CAUG – Comissão de Análise e Aprovação de Projetos, suas atribuições, formação, e; dáoutras; providências.Ementa:170/2018; 7.
169/2018 ;»»JEAN CARLO SCHAEDLER; 23/08/2018; -; Projeto; Sancionado/PromulgadoEmenta: Institui o Dia da Seicho-No-Ie, a ser comemorado anualmente no dia 22 de novembro, no; Município; de; Chapecó.
175/2018 ;»»EDERSON ROGERIO ANTONINI; 23/08/2018; -; RetiradaEmenta:; Altera a Lei nº 170, de 20 de; outubro; de; 1983.
177/2018 ;»»ELIAS FERNANDO MARTINS DOS SANTOS; 20/11/2018; -; Arquivamento; FinalDispõe sobre a obrigatoriedade de manutenção de brigadas de incêndio nos estabelecimentos que menciona e; dá; outrasprovidências.Ementa:178/2018; 7.
172/2018 ;»»ELIAS FERNANDO MARTINS DOS SANTOS; 05/09/2018; -; Projeto; Sancionado/PromulgadoEmenta: Declara de utilidade pública a Associação; Apontador; de; Estrelas.
180/2018 ;»»EDERSON ROGERIO ANTONINI; 25/10/2018; -; Arquivamento; FinalDispõe sobre a alteração da Lei nº 5737, de 11 de dezembro de 2009, criando prazo intermediário para pagamento dasnotificações antes da imposição de multa e; pontos; na; carteira.
Ementa:182/2018 ;»»EDERSON ROGERIO ANTONINI; 05/12/2018; -; RejeitadoEmenta:; Dispõe sobre a instituição do Programa “Adote um Ponto de Ônibus” e; dá; outras; providências.
183/2018 ;»»EDERSON ROGERIO ANTONINI; 25/10/2018; -; Arquivamento; FinalEmenta: Autoriza a instalação de parklets no município de Chapecó e; da; outras; providências.
184/2018 ;»»EDERSON ROGERIO ANTONINI; 25/10/2018; -; Arquivamento; FinalAutoriza a Prefeitura Municipal a implantar faixas diagonais para travessia de pedestres nos cruzamentos das vias públicasdo município; de; Chapecó.Ementa:186/2018; 7.
189/2018 ;»»VALDEMIR ANTONIO STOBE; 18/09/2018; -; Projeto; Sancionado/PromulgadoEmenta: Declara de utilidade pública o Instituto Teológico Profissionalizante Gamaliel; –; ITGP.189/2018; 7.
188/2018 ;»»JOÃO MARIA MARQUES ROSA; 18/09/2018; -; Projeto; Sancionado/Promulgado14/01/2020 as 15:29:39 Página 11/21Câmara Municipal de ChapecóProjeto por Origem (entre 01/01/2017 e 31/12/2019)Espécie:Número Nº Lei Origem SituaçãoProjeto de Lei Ordinária (L)Ementa: Declara de utilidade pública a Associação Cidadão Consciente; -; ACCO.190/2018; 7.
181/2018 ;»»ASTRIT MARIA SAVARIS TOZZO; 18/09/2018; -; Projeto; Sancionado/PromulgadoEmenta: Declara de utilidade pública o Conselho Escolar da Escola Básica Municipal; Jacob; Gisi.194/2018; 7.
179/2018 ;»»VALDEMIR ANTONIO STOBE; 18/09/2018; -; Projeto; Sancionado/PromulgadoEmenta: Altera a Lei nº 4.982 de 4 de maio; de; 2006.195/2018; 7.
180/2018 ;»»VALDEMIR ANTONIO STOBE; 18/09/2018; -; Projeto; Sancionado/PromulgadoEmenta: Declara de utilidade pública o Conselho Escolar do Centro de Educação Infantil Adelina; Dall’Igna; Carlesso.196/2018; 7.
183/2018 ;»»VALDEMIR ANTONIO STOBE; 18/09/2018; -; Projeto; Sancionado/PromulgadoEmenta: Declara de utilidade pública o Conselho Escolar do Centro de Educação Infantil; Municipal; Expoente.197/2018; 7.
184/2018 ;»»VALDEMIR ANTONIO STOBE; 18/09/2018; -; Projeto; Sancionado/PromulgadoEmenta: Declara de utilidade pública o Conselho Escolar do Centro de Educação Infantil; Municipal; Paraíso.198/2018; 7.
185/2018 ;»»VALDEMIR ANTONIO STOBE; 18/09/2018; -; Projeto; Sancionado/PromulgadoEmenta: Declara de utilidade pública o Conselho Escolar do Centro de Educação Infantil; Municipal; Juninho.199/2018; 7.
182/2018 ;»»VALDEMIR ANTONIO STOBE; 18/09/2018; -; Projeto; Sancionado/PromulgadoEmenta: Declara de utilidade pública o Conselho Escolar do Centro de Educação Infantil; Nova; Era.203/2018; 7.
195/2018 ;»»MAXIMINO COSTA; 19/10/2018; -; Projeto; Sancionado/PromulgadoEmenta: Declara de Utilidade Pública a Fundação Cientifica e Tecnológica em; Energias; Renováveis.204/2018; 7.
194/2018 ;»»VALDEMIR ANTONIO STOBE; 19/10/2018; -; Projeto; Sancionado/PromulgadoEmenta: Altera a Lei nº 4.997 de 4 de maio; de; 2006.205/2018; 7.
193/2018 ;»»VALDEMIR ANTONIO STOBE; 19/10/2018; -; Projeto; Sancionado/PromulgadoEmenta: Altera a Lei nº 4.983 de 4 de maio; de; 2006.206/2018; 7.
192/2018 ;»»VALDEMIR ANTONIO STOBE; 19/10/2018; -; Projeto; Sancionado/PromulgadoEmenta: Declara de utilidade pública o Conselho Escolar do Centro de Educação Infantil Municipal Maria; Helena; Alves; Chagas.
212/2018 ;»»MAXIMINO COSTA; 20/11/2018; -; RejeitadoDispõe; sobre a obrigatoriedade dos proprietários ou condutores de animais a recolher dejetos por estes depositados emlogradouro público do Município de Chapecó e dá; outras; providênciasEmenta:215/2018; 7.
199/2018 ;»»VALDEMIR ANTONIO STOBE; 31/10/2018; -; Projeto; Sancionado/PromulgadoEmenta: Altera a Lei nº 4.963 de 4 de maio; de; 2006.216/2018; 7.
208/2018 ;»»CLAIMAR CESAR DE CONTO; 22/11/2018; -; Projeto; Sancionado/PromulgadoDispõe sobre atendimento prioritário às pessoas portadoras de doenças renais crônicas e dos transplantados, nos serviçospúblicos e privados no âmbito do Município; de; Chapecó.Ementa:217/2018; 7.
232/2019 ;»»CLAIMAR CESAR DE CONTO; 15/04/2019; -; Projeto; PromulgadoDispõe sobre a obrigatoriedade da disponibilização de cardápios em Braille em bares, hotéis, restaurantes eestabelecimentos similares, NO; Município; de; Chapecó..
Ementa:219/2018 ;»»ADÃO VALCIR TEODORO; 22/03/2019; -; Arquivamento; Final14/01/2020 as 15:29:39 Página 12/21Câmara Municipal de ChapecóProjeto por Origem (entre 01/01/2017 e 31/12/2019)Espécie:Número Nº Lei Origem SituaçãoProjeto de Lei Ordinária (L)Ementa: Dispõe sobre a obrigatoriedade de jovens cederem lugar a idosos no; transporte; coletivo.220/2018; 7.
203/2018 ;»»ITAMAR ANTONIO AGNOLETTO; 22/11/2018; -; Projeto; Sancionado/PromulgadoEmenta: Denomina Via Pública no Município; de; Chapecó.221/2018; 7.
201/2018 ;»»ITAMAR ANTONIO AGNOLETTO; 22/11/2018; -; Projeto; Sancionado/PromulgadoEmenta: Denomina Via Pública no Município; de; Chapecó.222/2018; 7.
202/2018 ;»»ITAMAR ANTONIO AGNOLETTO; 22/11/2018; -; Projeto; Sancionado/PromulgadoEmenta: Denomina Via Pública no; Município; de; Chapecó.
224/2018 ;»»JOÃO LUIS SIQUEIRA; 17/10/2019; -; RetiradaEmenta:; Dispõe sobre a criação do "Programa Empresa Amiga da Escola" no Município; de; Chapecó.225/2018; 7.
207/2018 ;»»ITAMAR ANTONIO AGNOLETTO; 06/12/2018; -; Projeto; Sancionado/PromulgadoEmenta: Declara de Utilidade Pública A Associação Brasileira das Vítimas do Acidente com a Chapecoense; –; ABRAVIC.236/2018; 7.
211/2018 ;»»ITAMAR ANTONIO AGNOLETTO; 13/12/2018; -; Projeto; Sancionado/PromulgadoEmenta: Declara de utilidade pública a Associação Comunitária; Educativa; Ecoefapi.237/2018; 7.
210/2018 ;»»ITAMAR ANTONIO AGNOLETTO; 13/12/2018; -; Projeto; Sancionado/PromulgadoEmenta: Altera a Lei nº 7.203, de 26 de; novembro; de; 2018.
238/2018 ;»»NEURI LUIZ MANTELLI; 18/12/2018; -; Envio; para ParecerComissão de Legislação, Justiça e Redação FinalDispõe sobre a proibição do descarte de lixo, entulho de obras ou outros materiais inservíveis em vias públicas, espaçospúblicos ou imóveis privados, e imposição de multa pra quem; praticar; tal; ato.
Ementa:2/2019 ;»»JOÃO LUIS SIQUEIRA; 13/03/2019; -; RetiradaEmenta:; Institui a obrigatoriedade do uso do uniforme escolar na Rede Pública Municipal de Ensino no; Município; de; Chapecó.
4/2019 ;»»CLEITON MARCIO FOSSÁ; 12/12/2019; -; RejeitadoDispõe; sobre a divulgação da lista de espera dos munícipes cadastrados para o acesso aos; programas; habitacionais; doMunicípio.
Ementa:5/2019 ;»»CLEITON MARCIO FOSSÁ; 09/05/2019; -; RejeitadoEmenta:; Dispõe sobre a matrícula eletrônica na rede municipal de ensino de Chapecó e; dá; outras; providências.
6/2019 ;»»CLEITON MARCIO FOSSÁ; 09/05/2019; -; RetiradaDispõe; sobre a disponibilização de certidão ao usuário do Sistema Municipal de Saúde de Chapecó-SC que comproveagendamentos de consultas, cirurgias e exames em geral, e; dá; outras; providências.
Ementa:7/2019 ;»»CLEITON MARCIO FOSSÁ; 09/05/2019; -; RetiradaDispõe; sobre número máximo de alunos por turma de pré-escolas na rede de ensino público municipal,; e; dá; outrasprovidências.
Ementa:8/2019 ;»»CLEITON MARCIO FOSSÁ; 09/05/2019; -; RetiradaCria; o Programa Vou de Bicicleta e institui o Selo Empresa Amiga do Ciclista no âmbito do Município de Chapecó,; e; dáoutras; providências.
Ementa:9/2019 ;»»CLEITON MARCIO FOSSÁ; 09/05/2019; -; RejeitadoDispõe; sobre a divulgação de dados sobre multas de trânsito no âmbito do município de Chapecó,; e; dá; outrasprovidências.
Ementa:10/2019 ;»»CLEITON MARCIO FOSSÁ; 11/04/2019; -; RetiradaDispõe; sobre a compensação da afixação de cartazes sobre o art. 331 do código penal, que estabelece as penalidades parao desacato a servidores públicos, pela afixação de cartazes sobre os direitos do usuário do serviço público no âmbito domunicípio de Chapecó.
Ementa:14/01/2020 as 15:29:39 Página 13/21Câmara Municipal de ChapecóProjeto por Origem (entre 01/01/2017 e 31/12/2019)Espécie:Número Nº Lei Origem SituaçãoProjeto de; Lei; Ordinária; (L)11/2019 ;»»CLEITON MARCIO FOSSÁ; 09/05/2019; -; RetiradaDispõe; sobre obrigatoriedade da divulgação integral da planilha de custo dos serviços públicos municipais de Chapecó,prestados por concessionárias, permissionárias,; autorizatárias; e; contratadas.
Ementa:12/2019 ;»»CLEITON MARCIO FOSSÁ; 09/05/2019; -; RetiradaProíbe; os Poderes Executivo e Legislativo Municipais de contratar com pessoa jurídica que tenha feito doação parapartido político ou campanha eleitoral de candidato; a; cargo; eletivo.
Ementa:14/2019 ;»»CLEITON MARCIO FOSSÁ; 09/05/2019; -; RejeitadoDispõe; sobre a obrigatoriedade da divulgação, na página da Prefeitura Municipal de Chapecó na Internet, da relação detodas as ordens de serviço emitidas pelo Município de Chapecó, e; dá; outras; providências.
Ementa:15/2019 ;»»CLEITON MARCIO FOSSÁ; 09/05/2019; -; RejeitadoDetermina; a publicação de informações sobre locação de imóveis pelo Município, no site da; Prefeitura; Municipal; deChapecó.
Ementa:16/2019 ;»»MARCILEI ANDREA P. VIGNATTI; 24/09/2019; -; RejeitadoProíbe; a utilização de canudos de plástico, exceto os biodegradáveis, em restaurantes, bares, quiosques, ambulantes, hotéise similares autorizados pela prefeitura a usarem e fornecerem canudos de papel biodegradável e/ou reciclável individual ehermeticamente embalados com material semelhante e; dá; outras; providências.
Ementa:17/2019 ;»»CLEITON MARCIO FOSSÁ; 24/06/2019; -; RetiradaEmenta:; Institui o Programa Espaço Infantil Noturno - Atendimento à Primeira Infância - No Âmbito Do; Município; de; Chapecó18/2019 ;»»CLEITON MARCIO FOSSÁ; 09/05/2019; -; RejeitadoDispõe; sobre a obrigatoriedade da divulgação, na página da Prefeitura Municipal de Chapecó na Internet, da relação doscargos em comissão e dos cargos; em; conselhos; municipais.
Ementa:19/2019 ;»»CLEITON MARCIO FOSSÁ; 24/06/2019; -; RetiradaEmenta:; Proíbe a inauguração de obras públicas incompletas ou que não atendam ao fim a que se; destinam; no; município.
20/2019 ;»»CLEITON MARCIO FOSSÁ; 05/04/2019; -; RetiradaDispõe; sobre obrigatoriedade de os postos de gasolina, no âmbito do município de Chapecó, informarem ao consumidorsobre origem da gasolina vendida, nome do fornecedor e se o produto é refinado ou formulado e; dá; outras; providências.
Ementa:21/2019 ;»»CLEITON MARCIO FOSSÁ; 24/06/2019; -; RetiradaEmenta:; Institui a Semana Municipal do Ciclismo no âmbito do; Município; de; Chapecó.
22/2019 ;»»CLEITON MARCIO FOSSÁ; 24/06/2019; -; RetiradaEmenta:; Autoriza O Poder Executivo Municipal A Instituir A Semana; Municipal; Do; Livro.
23/2019 ;»»CLEITON MARCIO FOSSÁ; 08/08/2019; -; RetiradaEmenta:; Dispõe sobre a conversão de “milhagem” das passagens aéreas adquiridas com recursos públicos aos; fins; que; especifica.
24/2019 ;»»CLEITON MARCIO FOSSÁ; 08/08/2019; -; RetiradaCria; o Fundo Municipal da Mobilidade Urbana e da Modicidade da Tarifa de Transporte Público Coletivo Municipal,; e; dáoutras; providências.
Ementa:25/2019 ;»»CLEITON MARCIO FOSSÁ; 08/08/2019; -; RetiradaDetermina; a retenção de verbas de publicidade institucional, pelo poder público municipal, para cumprimento de decisõesjudiciais na; área; de; saúde.
Ementa:26/2019 ;»»CLEITON MARCIO FOSSÁ; 08/08/2019; -; RetiradaEmenta:; Determina a criação do Cadastro Municipal; de; Animais; Domésticos.
34/2019 ;»»ASTRIT MARIA SAVARIS TOZZO; 28/08/2019; -; Arquivamento; FinalReconhece como Política Pública de Prevenção às Drogas no Município de Chapecó, o Programa Educacional deResistência às Drogas - PROERD, organizado e realizado pela Polícia Militar e autoriza apoiar efetivamente seuEmenta:14/01/2020 as 15:29:39 Página 14/21Câmara Municipal de ChapecóProjeto por Origem (entre 01/01/2017 e 31/12/2019)Espécie:Número Nº Lei Origem SituaçãoProjeto de Lei; Ordinária; (L)desenvolvimento.35/2019; 7.
223/2019 ;»»VALMOR JÚNIOR SCOLARI; 18/03/2019; -; Projeto; Sancionado/PromulgadoEmenta: Denomina Via Pública no Município; de; Chapecó.36/2019; 7.
227/2019 ;»»VALDEMIR ANTONIO STOBE; 25/03/2019; -; Projeto; Sancionado/PromulgadoEmenta: Altera a Lei nº 6588, de 27 de junho; de; 2014.37/2019; 7.
226/2019 ;»»ITAMAR ANTONIO AGNOLETTO; 25/03/2019; -; Projeto; Sancionado/PromulgadoEmenta: Denomina via pública no; Município; de; Chapecó.
40/2019 ;»»CLEITON MARCIO FOSSÁ; 04/11/2019; -; RetiradaEmenta:; Dispõe sobre o ressarcimento de despesas aos Vereadores e dá; outras; providências.41/2019; 7.
225/2019 ;»»NEURI LUIZ MANTELLI; 25/03/2019; -; Projeto; Sancionado/PromulgadoEmenta: Denomina vias públicas no Município; de; Chapecó.49/2019; 7.
241/2019 ;»»ILDO ADÃO ANTONINI; 23/05/2019; -; Projeto; Sancionado/PromulgadoEmenta: Institui no Município de Chapecó a Semana Municipal do; Lixo; Zero.50/2019; 7.
234/2019 ;»»VALDEMIR ANTONIO STOBE; 18/04/2019; -; Projeto; Sancionado/PromulgadoEmenta: Denomina Vias Públicas no Município; de; Chapecó.58/2019; 7.
239/2019 ;»»VALDEMIR ANTONIO STOBE; 23/05/2019; -; Projeto; Sancionado/PromulgadoEmenta: Denomina Vias Públicas no; Município; de; Chapecó.
59/2019 ;»»ADÃO VALCIR TEODORO; 03/07/2019; -; Arquivamento; FinalEmenta: Institui o Programa; Rua; de; Lazer.
62/2019 ;»»NEURI LUIZ MANTELLI; 24/06/2019; -; Arquivamento; FinalEmenta: Incluiu o inciso VIII no Art. 6º da Lei 5737 de 11 de Dezembro; de; 2009.65/2019; 7.
268/2019 ;»»JOÃO MARIA MARQUES ROSA; 03/07/2019; -; Projeto; Sancionado/PromulgadoEmenta: Altera a ementa e demais dispositivos da Lei n° 3975 de 22 de abril de 1999, e dá; outras; providências.66/2019; 7.
304/2019 ;»»NEURI LUIZ MANTELLI; 07/11/2019; -; Projeto; PromulgadoDispõe sobre a obrigatoriedade do uso de lâmpadas de Diodo Emissor de Luz, também conhecido por LED (LightEmitting Diode), na rede de iluminação pública em novos loteamentos e empreendimentos imobiliários no âmbito doMunicípio; de; Chapecó.Ementa:67/2019; 7.
237/2019 ;»»DIEGO FERNANDO ALVES; 13/05/2019; -; Projeto; Sancionado/PromulgadoEmenta: Denomina vias públicas no; Município; de; Chapecó.
85/2019 ;»»MARCILEI ANDREA P. VIGNATTI; 02/10/2019; -; Arquivamento; FinalInstitui a Política Municipal de incentivo a criação de hortas produtivas no perímetro urbano do Município de Chapecó; edá; outras; providências.
Ementa:87/2019 ;»»CLEBER CECCON; 29/08/2019; -; Arquivamento; FinalDispõe sobre a Política Municipal de Incentivo ao Uso de Energia Solar no Município de Chapecó, e; dá; outrasprovidências.Ementa:88/2019; 7.
256/2019 ;»»VALDEMIR ANTONIO STOBE; 28/06/2019; -; Projeto; Sancionado/PromulgadoEmenta: Denomina vias públicas no Município; de; Chapecó.90/2019; 7.
255/2019 ;»»NEURI LUIZ MANTELLI; 28/06/2019; -; Projeto; Sancionado/PromulgadoEmenta: Denomina via pública no Município; de; Chapecó.91/2019; 7.
267/2019 ;»»ITAMAR ANTONIO AGNOLETTO; 01/07/2019; -; Projeto; Sancionado/Promulgado14/01/2020 as 15:29:39 Página 15/21Câmara Municipal de ChapecóProjeto por Origem (entre 01/01/2017 e 31/12/2019)Espécie:Número Nº Lei Origem SituaçãoProjeto de Lei Ordinária (L)Ementa: Altera a Lei nº 4.235, de 01 de; dezembro; de; 2000.
92/2019 ;»»NEURI LUIZ MANTELLI; 12/09/2019; -; RetiradaEmenta:; Adita o Artigo 1º-A e seu parágrafo único na Lei 6.704 de 07 de Maio; de; 2015.93/2019; 7.
270/2019 ;»»DIEGO FERNANDO ALVES; 01/07/2019; -; Projeto; Sancionado/PromulgadoEmenta: “Cria o programa Empresa Amiga do Serviço Social no Município de Chapecó e dá; outras; providências”94/2019; 7.
265/2019 ;»»DIEGO FERNANDO ALVES; 01/07/2019; -; Projeto; Sancionado/PromulgadoEmenta: Denomina via pública no Município; de; Chapecó.98/2019; 7.
262/2019 ;»»DELVINO DALL ROSA; 01/07/2019; -; Projeto; Sancionado/PromulgadoEmenta: Denomina Via Pública no Município; de; Chapecó.99/2019; 7.
279/2019 ;»»ADERBAL ANTONIO P. DA SILVA; 22/08/2019; -; Projeto; Sancionado/PromulgadoDispõe sobre medidas de prevenção e combate ao assédio sexual no transporte público coletivo urbano no âmbito daCidade de Chapecó e; dá; outras; providências.
Ementa:100/2019 ;»»ADERBAL ANTONIO P. DA SILVA; 29/08/2019; -; Arquivamento; FinalDispõe sobre obrigatoriedade da Companhia Catarinense de Águas e Saneamento – CASAN a instalar gratuitamentebloqueadores de ar nos hidrômetros no âmbito da cidade de Chapecó/SC e dá; outras; providências.Ementa:103/2019; 7.
259/2019 ;»»VALMOR JÚNIOR SCOLARI; 01/07/2019; -; Projeto; Sancionado/PromulgadoEmenta: Declara de utilidade pública a Associação de Moradores do; Bairro; Jardim; Europa.
114/2019 ;»»MARCILEI ANDREA P;.
; VIGNATTI; 08/10/2019; - Arquivamento Final“Dispõe sobre a divulgação e o combate ao assédio sexual e a cultura do estupro na administração pública; do; município; deChapecó”Ementa:115/2019 ;»»DIEGO FERNANDO ALVES; 15/10/2019; -; Pedido; de VistasEmenta: “Cria o Programa FARMÁCIA SOLIDÁRIA no Município de Chapecó e; dá; outras; providências.
”116/2019 ;»»MARCILEI ANDREA P. VIGNATTI; 23/10/2019; -; Arquivamento; FinalEmenta: Autoriza o Executivo Municipal a criar o Banco de Alimentos Solidário na; cidade; de; Chapecó.
117/2019 ;»»MARCILEI ANDREA P. VIGNATTI; 29/10/2019; -; Arquivamento; FinalEmenta: Dispõe sobre a inclusão de Bibliotecas Contêiner nas escolas da rede pública de ensino no município; de; Chapecó.118/2019; 7.
285/2019 ;»»CLEITON MARCIO FOSSÁ; 13/09/2019; -; Projeto; Sancionado/PromulgadoEmenta: Institui, no âmbito do Município de Chapecó, o Dia de Conscientização; da; Fibromialgia.120/2019; 7.
271/2019 ;»»VALMOR JÚNIOR SCOLARI; 20/08/2019; -; Projeto; Sancionado/PromulgadoEmenta: Denomina Via Pública no Município; de; Chapecó.121/2019; 7.
286/2019 ;»»NEURI LUIZ MANTELLI; 20/09/2019; -; Projeto; PromulgadoEmenta: Declara de utilidade pública a União dos Pastores de Chapecó; -; UNIPAC.126/2019; 7.
274/2019 ;»»CLAIMAR CESAR DE CONTO; 23/08/2019; -; Projeto; Sancionado/PromulgadoEmenta: Declara de utilidade pública a Associação Comunitária dos Idosos do Bairro; Maria; Goretti.127/2019; 7.
311/2019 ;»»JATIR JOSE BALBINOT; 28/11/2019; -; Projeto; PromulgadoInstitui no Município de Chapecó as filas preferenciais e vagas de estacionamento preferencial para; pacientes; comfibromialgia.Ementa:132/2019; 7.
298/2019 ;»»ASTRIT MARIA SAVARIS TOZZO; 16/10/2019; -; Projeto; Sancionado/PromulgadoEmenta: Institui a Campanha “Coração de Mulher” e dá; outras; providências.134/2019; 7.
275/2019 ;»»ITAMAR ANTONIO AGNOLETTO; 23/08/2019; -; Projeto; Sancionado/Promulgado14/01/2020 as 15:29:39 Página 16/21Câmara Municipal de ChapecóProjeto por Origem (entre 01/01/2017 e 31/12/2019)Espécie:Número Nº Lei Origem SituaçãoProjeto de Lei Ordinária (L)Ementa: Denomina Via Pública no Município; de; Chapecó.137/2019; 7.
291/2019 ;»»DERLI MAIER; 17/10/2019; -; Projeto; Sancionado/PromulgadoEmenta: Denomina Via Pública no Município; de; Chapecó.139/2019; 7.
292/2019 ;»»DERLI MAIER; 17/10/2019; -; Projeto; Sancionado/PromulgadoEmenta: Denomina Via Pública no Município; de; Chapecó.140/2019; 7.
303/2019 ;»»DIEGO FERNANDO ALVES; 07/11/2019; -; Projeto; PromulgadoEmenta: Altera o artigo 2º da lei nº 7191 de 1 de; outubro; de; 2018.
141/2019 ;»»CLAUDIOMIRO DA SILVA; 24/10/2019; -; Arquivamento; FinalEmenta: Institui o Programa Vale Feira na cidade de Chapecó e dá; outras; providências.142/2019; 7.
290/2019 ;»»ILDO ADÃO ANTONINI; 16/10/2019; -; Projeto; Sancionado/PromulgadoEmenta: Declara de utilidade pública a Associação de Catadores de Materiais; Recicláveis; Líder.143/2019; 7.
289/2019 ;»»CLAIMAR CESAR DE CONTO; 27/09/2019; -; Projeto; Sancionado/PromulgadoEmenta: Denomina Via Pública no Município; de; Chapecó.145/2019; 7.
297/2019 ;»»CLAUDIOMIRO DA SILVA; 22/10/2019; -; Projeto; Sancionado/PromulgadoEmenta: Denomina Via Pública no Município; de; Chapecó.147/2019; 7.
288/2019 ;»»JOÃO MARIA MARQUES ROSA; 27/09/2019; -; Projeto; Sancionado/PromulgadoEmenta: Denomina Via Pública no; Município; de; Chapecó.
149/2019 ;»»NEURI LUIZ MANTELLI; 12/11/2019; -; Arquivamento; FinalEmenta: Dispõe sobre a obrigatoriedade de espaço para artistas musicais locais em eventos; musicais; públicos.150/2019; 7.
295/2019 ;»»ROBERTO CARLOS N. DOS SANTOS; 22/10/2019; -; Projeto; Sancionado/PromulgadoEmenta: Declara de utilidade pública a Associação Chapecoense de Gestão e Educação Ambiental e Mobilidade; -; ACEGAM151/2019; 7.
310/2019 ;»»ASTRIT MARIA SAVARIS TOZZO; 18/11/2019; -; Projeto; PromulgadoReconhece como Política Pública de Prevenção às Drogas no Município de Chapecó, o Programa Educacional deResistência às Drogas – PROERD, organizado e realizado pela Polícia Militar e autoriza apoiar; efetivamente; seudesenvolvimento.Ementa:157/2019; 7.
301/2019 ;»»VALDEMIR ANTONIO STOBE; 24/10/2019; -; Projeto; Sancionado/PromulgadoEmenta: Declara de utilidade pública a Associação de Catadores de Materiais Recicláveis; Parque; das; Palmeiras.
158/2019 ;»»JATIR JOSE BALBINOT; 08/11/2019; -; RetiradaEmenta:; Altera a Lei nº 4929, de 16 de dezembro; de; 2005.159/2019; 7.
299/2019 ;»»ITAMAR ANTONIO AGNOLETTO; 24/10/2019; -; Projeto; Sancionado/PromulgadoEmenta: Altera o Artigo 5º da Lei 5.132, de 18 de dezembro; de; 2006.160/2019; 7.
300/2019 ;»»ITAMAR ANTONIO AGNOLETTO; 24/10/2019; -; Projeto; Sancionado/PromulgadoEmenta: Declara de Utilidade Pública a Associação Beneficente Ceres; -; ABECERES162/2019; 7.
302/2019 ;»»ILDO ADÃO ANTONINI; 28/10/2019; -; Projeto; Sancionado/PromulgadoEmenta: Declara de utilidade pública a Associação dos Catadores de Chapecó/SC; -; ACMARC.170/2019; 7.
306/2019 ;»»CLAIMAR CESAR DE CONTO; 07/11/2019; -; Projeto; Sancionado/PromulgadoEmenta: Institui no âmbito do Município de Chapecó o Dia da; Ordem; DeMolay.171/2019; 7.
312/2019 ;»»JOSE CELIO PORTELA; 28/11/2019; -; Projeto; PromulgadoDispõe sobre Criação e a inclusão da Meia Maratona de Chapecó no Calendário de festividades do Município e da outrasprovidências.
Ementa:14/01/2020 as 15:29:39 Página 17/21Câmara Municipal de ChapecóProjeto por Origem (entre 01/01/2017 e 31/12/2019)Espécie:Número Nº Lei Origem SituaçãoProjeto de; Lei; Ordinária; (L)172/2019 ;»»JOSE CELIO PORTELA; 26/11/2019; -; ParecerComissão; de Obras e Serviços PúblicosEmenta: Dispõe sobre o Serviço Voluntário no âmbito da administração direta e indireta do Município; de; Chapecó.180/2019; 7.
344/2019 ;»»CAROLINA ROSA LISTONE; 13/12/2019; -; Projeto; Sancionado/PromulgadoEmenta: Institui e inclui no Calendário Oficial do Município de Chapecó o Dia; da; Prematuridade.181/2019; 7.
346/2020 ;»»JATIR JOSE BALBINOT; 07/01/2020; -; Projeto; PromulgadoEmenta: Institui no calendário oficial do Município de Chapecó a; “Semana; do; Apicultor”.
185/2019 ;»»CLEITON MARCIO FOSSÁ; 29/11/2019; -; ParecerComissão; de Legislação, Justiça e Redação FinalInstitui o banco de registros de milhagens e dispõe sobre a utilização de passagens e prêmios de milhagens aéreas advindasde recursos públicos no âmbito da Câmara; Municipal; de; Chapecó.
Ementa:186/2019 ;»»ADERBAL ANTONIO P. DA SILVA; 13/12/2019; -; ParecerComissão; de Legislação, Justiça e Redação FinalInstitui o mês de Janeiro Branco, dedicado à realização de ações educativas para a difusão da saúde mental; no; Municípiode; Chapecó.
Ementa:187/2019 ;»»VALMOR JÚNIOR SCOLARIVALDEMIR ANTONIO STOB;E13/12/2019; -; Encaminhado; para SançãoDeterminar normas para o acesso ao Cadastro Público Municipal advindo da Diretoria de Habitação para aquisição deimóveis de Loteamento Popular e; dá; outras; providências.
Ementa:188/2019 ;»»JATIR JOSE BALBINOT; 04/12/2019; -; ParecerComissão; de Legislação, Justiça e Redação FinalEmenta: Altera a Lei 5737 de 11 de; Dezembro; de; 2009.
193/2019 ;»»MARCILEI ANDREA P. VIGNATTICAROLINA ROSA LISTON;E28/11/2019; -; Despacho; da MesaEmenta: Dispõe sobre adesão à Campanha Mundial de Combate à Violência de Gênero: 16 Dias; de; Ativismo.194/2019; 7.
343/2019 ;»»ADERBAL ANTONIO P. DA SILVA; 13/12/2019; -; Projeto; Sancionado/PromulgadoEmenta: Altera a Lei nº 7279 de 05 de setembro; de; 2019.202/2019; 7.
340/2019 ;»»CLAIMAR CESAR DE CONTO; 11/12/2019; -; Projeto; Sancionado/PromulgadoAltera a Lei nº 2.848 de 1 de março; de; 1.988.Ementa:210/2019; 7.
338/2019 ;»»VALDEMIR ANTONIO STOBE; 13/12/2019; -; Projeto; Sancionado/PromulgadoEmenta: Declara de utilidade pública a Associação de Catadores de Materiais; Recicláveis; Esplanada.214/2019; 7.
347/2020 ;»»ILDO ADÃO ANTONINIVALDEMIR ANTONIO STOB;E07/01/2020; -; Projeto; PromulgadoEmenta: Revoga a Lei nº 5.569, de 24 de junho; de; 2009.215/2019; 7.
345/2019 ;»»VALMOR JÚNIOR SCOLARIILDO ADÃO ANTONIN;I16/12/2019; -; Projeto; Sancionado/PromulgadoEmenta: Denomina trevo no Município; de; Chapecó.218/2019; 7.
337/2019 ;»»JOÃO LUIS SIQUEIRA; 13/12/2019; -; Projeto; Sancionado/PromulgadoEmenta: Declara de Utilidade Pública a Associação de Catadores de Materiais Recicláveis; Vila; Betinho.219/2019; 7.
342/2019 ;»»DIEGO FERNANDO ALVES; 16/12/2019; -; Projeto; Sancionado/PromulgadoEmenta: Altera a Lei n° 3785 de 17 de outubro de 1997.
Espécie:Número Nº Lei Origem SituaçãoProjeto de Lei Complementar (L)14/01/2020 as 15:29:39 Página 18/21Câmara Municipal de ChapecóProjeto por Origem (entre 01/01/2017 e 31/12/2019)Espécie:Número Nº Lei Origem SituaçãoProjeto de; Lei; Complementar; (L)27/2017 ;»»CLEITON MARCIO FOSSÁ; 03/05/2017; -; Arquivamento; FinalEmenta: Institui o Programa IPTU Verde no Município; de; Chapecó.
130/2017; 643/2018 ;»»ILDO ADÃO ANTONINI; 01/10/2018; -; Projeto; PromulgadoDispões sobre a alteração no Caput, inciso XVI e inciso I do § 2º, do Art. 14 da Lei complementar n°48 de 22 deDezembro de 1997, que dispõe sobre O Sistema Municipal de Educação e; seus; conselheiros.
”Ementa:173/2017; 610/2017 ;»»VALMOR JÚNIOR SCOLARIADÃO VALCIR TEODOROANTONIO CIVALDO MENDESARESTIDE FIDELISDELVINO DALL ROSAJOÃO MARIA MARQUES ROSAJOSE CELIO PORTELAORIDES ANTUNESROBERTO CARLOS N. DOS SANTO;S21/12/2017; -; Projeto; Sancionado/PromulgadoEmenta: Altera dispositivos da Lei Complementar nº 499 de 18 de; dezembro; de; 2012.
34/2018 ;»»NEURI LUIZ MANTELLI; 13/04/2018; -; Arquivamento; FinalAutoriza o Poder Executivo a conceder beneficio tributário na forma de desconto no Imposto Predial e Territorial Urbano- IPTU ao proprietário ou responsável legal de imóvel que adotar medida de preservação e conservação do meio ambientecomo aproveitamento de água da chuva, uso de energia; solar; e; outros.
Ementa:48/2018 ;»»ALZUMIR ROSSARI; 22/06/2018; -; RejeitadoEmenta:; Institui o IPTU Verde no; Município; de; Chapecó.
80/2018 ;»»ALZUMIR ROSSARI; 08/05/2018; -; RejeitadoEmenta:; Altera o inciso III do artigo 103 da Lei Complementar nº 546 de 22 de; dezembro; de; 2014.
85/2018 ;»»ALZUMIR ROSSARI; 12/04/2018; -; RejeitadoEmenta:; Estabelece condições para o pagamento da Taxa de Coleta de Resíduos Sólidos - TCR e; dá; outras; providências.
176/2018 ;»»EDERSON ROGERIO ANTONINI; 08/11/2018; -; Arquivamento; FinalEmenta: Altera a Lei Complementar nº 546 de 22 de; dezembro; de; 2014.
185/2018 ;»»ITAMAR ANTONIO AGNOLETTO; 04/09/2018; -; ParecerComissão; de Legislação, Justiça e Redação FinalEmenta: Altera a Lei nº 170, de 20 de; outubro; de; 1983.
223/2018 ;»»CLEBER CECCON; 18/03/2019; -; Arquivamento; FinalRegulamenta o inciso V, do art. 13, da Lei Orgânica do Município de Chapecó, no que se refere aos cargos em comissão,; edá; outras; providências.
Ementa:3/2019 ;»»CLEITON MARCIO FOSSÁ; 05/12/2019; -; Pedido; de VistasEmenta: Institui o IPTU Verde no; Município; de; Chapecó.
13/2019 ;»»CLEITON MARCIO FOSSÁ; 21/03/2019; -; ParecerComissão; de Finanças e OrçamentosEmenta: Altera a Lei Complementar nº 247, de 19 de; dezembro; de; 2005.
38/2019 ;»»LUIZ PAULO CARARO; 05/04/2019; -; RetiradaEmenta:; Institui o Adicional pela diversidade de funções exercidas pelos ocupantes dos cargos; de; Serviços; Gerais.
39/2019 ;»»LUIZ PAULO CARARO; 05/04/2019; -; RetiradaEmenta:; Altera a Lei Complementar nº 530, de 21 de março; de; 2014.
95/2019; 662/2019 ;»»ADÃO VALCIR TEODORO; 08/10/2019; -; Projeto; PromulgadoEmenta: Veda a nomeação para cargos em comissão de pessoas que tenham sido condenadas pela Lei Federal nº 11.340, do âmbito14/01/2020 as 15:29:39 Página 19/21Câmara Municipal de ChapecóProjeto por Origem (entre 01/01/2017 e 31/12/2019)Espécie:Número Nº Lei Origem SituaçãoProjeto de Lei Complementar (L)do Poder Legislativo Municipal de Chapecó.
Espécie:Número Nº Lei Origem SituaçãoProjeto; de; Resolução16/2017; 3/2017 ;»»VALMOR JÚNIOR SCOLARIADERBAL ANTONIO P. DA SILVAARESTIDE FIDELISASTRIT MARIA SAVARIS TOZZOCLAIMAR CESAR DE CONTOCLEBER CECCONCLEITON MARCIO FOSSÁDERLI MAIERDIEGO FERNANDO ALVESILDO ADÃO ANTONINIITAMAR ANTONIO AGNOLETTOIVALDO PIZ;Z15/02/2017; -; Projeto; PromulgadoEmenta: Redefine o Sistema de Gerenciamento de Gabinete Parlamentar - SGGP e dá; outras; providências.
26/2017; 5/2017 ;»»CLEITON MARCIO FOSSÁ; 14/09/2017; -; Projeto; PromulgadoEmenta: Dispõe sobre a criação do programa e-Cidadania da Câmara de; Municipal; de; Chapecó.
43/2017 ;»»CLEITON MARCIO FOSSÁ; 11/05/2017; -; RetiradaDispõe; sobre a comemoração do centenário de Chapecó no âmbito legislativo, estabelecendo a sessão solene do“Centenário Legislativo; de; Chapecó”.
Ementa:82/2017; 6/2017 ;»»ILDO ADÃO ANTONINI; 14/09/2017; -; Projeto; PromulgadoDispõe sobre a obrigatoriedade da tradução para a Língua Brasileira de Sinais, Libras, de todas as Audiências Públicas nasdependências ou patrocinadas pela Câmara Municipal de Chapecó e dá; outras; providências.
Ementa:145/2017; 7/2017 ;»»JOÃO MARIA MARQUES ROSA; 13/12/2017; -; Projeto; PromulgadoEmenta: Revoga o Inciso I, do Art. 4º da Resolução nº 8, de 14 de; agosto; de; 2014.
44/2018 ;»»ALZUMIR ROSSARI; 18/04/2018; -; Arquivamento; FinalEmenta: Dispõe sobre a concessão de diárias aos Vereadores e; dá; outras; providencias.
81/2018 ;»»ALZUMIR ROSSARI; 11/04/2018; -; ParecerComissão; de Finanças e OrçamentosDispõe sobre a comemoração da semana do trabalhador no âmbito legislativo, estabelecendo a sessão solene do; “DiaInternacional; do; Trabalhador”.
Ementa:63/2019 ;»»JATIR JOSE BALBINOT; 04/11/2019; -; RejeitadoRevogue-se; o inciso X do § 3º, do Art. 122, e Crie-se o § 7º no Art. 122, do Regimento Interno da; Câmara; Municipal; deChapecó.
Ementa:86/2019 ;»»CLEITON MARCIO FOSSÁ; 24/06/2019; -; ParecerComissão; de Finanças e OrçamentosEmenta: Regulamenta o Processo Legislativo Eletrônico no Âmbito da Câmara Municipal de Chapecó e; dá; outras; Providências.
119/2019 ;»»CLEITON MARCIO FOSSÁ; 11/12/2019; -; RejeitadoDispõe; sobre a realização de audiências públicas quadrimestrais para análise e avaliação do planejamento e execuçãoorçamentária e financeira da Câmara Municipal de Chapecó e institui no âmbito do Legislativo o; Programa; “CÂMARATRANSPARENTE”.
Ementa:138/2019; 10/2019 ;»»DIEGO FERNANDO ALVES; 10/12/2019; -; Projeto; PromulgadoDispõe sobre a criação, no âmbito da Câmara de Vereadores de Chapecó, do Parlamento Jovem Chapecoense,; e; adotaoutras; providências.
Ementa:164/2019 ;»»MARCILEI ANDREA P. VIGNATTI; 04/12/2019; -; Arquivamento; Final14/01/2020 as 15:29:39 Página 20/21Câmara Municipal de ChapecóProjeto por Origem (entre 01/01/2017 e 31/12/2019)Espécie:Número Nº Lei Origem SituaçãoProjeto de ResoluçãoEmenta: Cria a Procuradoria Especial da Mulher no âmbito da Câmara de Municipal de Chapecó e dá; outras; providências.
169/2019; 9/2019 ;»»JOSE CELIO PORTELA; 06/12/2019; -; Projeto; PromulgadoEmenta: Institui o Troféu e Título de Legado Chapecoense, a Empresas.
Espécie:Número Nº Lei Origem SituaçãoProjeto de Emenda; a; LOM; (L)33/2019 ;»»NEURI LUIZ MANTELLIADERBAL ANTONIO P. DA SILVAASTRIT MARIA SAVARIS TOZZOJOÃO MARIA MARQUES ROSAJOSE CELIO PORTELALUIZ PAULO CARAROVALMOR JÚNIOR SCOLAR;I28/06/2019; -; RejeitadoEmenta:; Altera dispositivo da Lei Orgânica do; Município; de; Chapecó.
89/2019 ;»»MARCILEI ANDREA P. VIGNATTICLEBER CECCONCLEITON MARCIO FOSSÁDELVINO DALL ROSADERLI MAIERJATIR JOSE BALBINOTNEURI LUIZ MANTELL;I28/06/2019; -; RetiradaEmenta:; Cria o Parágrafo único no Artigo 93 da Lei Orgânica do Município de Chapecó.14/01/2020 as 15:29:39 Página 21/21
